clawflake git https://github.com/nc0fr/clawflake.git https://github.com/nc0fr/clawflake/tree/master{/dir} https://github.com/nc0fr/clawflake/blob/master{/dir}/{file}#L{line}
crocc git https://github.com/nc0fr/crocc.git https://github.com/nc0fr/crocc/tree/master{/dir} https://github.com/nc0fr/crocc/blob/master{/dir}/{file}#L{line}
feur_bot git https://github.com/nc0fr/feur_bot.git https://github.com/nc0fr/feur_bot/tree/master{/dir} https://github.com/nc0fr/feur_bot/blob/master{/dir}/{file}#L{line}
foo git https://github.com/nc0fr/foo-go.git https://github.com/nc0fr/foo-go/tree/master{/dir} https://github.com/nc0fr/foo-go/blob/master{/dir}/{file}#L{line}
staticgovanityurls git https://github.com/nc0fr/staticgovanityurls.git https://github.com/nc0fr/staticgovanityurls/tree/master{/dir} https://github.com/nc0fr/staticgovanityurls/blob/master{/dir}/{file}#L{line}
svgu git https://github.com/nc0fr/svgu.git https://github.com/nc0fr/svgu/tree/master{/dir} https://github.com/nc0fr/svgu/blob/master{/dir}/{file}#L{line}
